carbon_emissions,unmet_hours,ramping,1-load_factor,daily_peak,all_time_peak,1-thermal_resilience,normalized_unserved_energy,episode_reward
114.63009874054032,0.4166666666666667,18.666507476305505,0.014958354227099235,4.0,4.0,0.02976190476190476,0.13775947015330925,6.9104880636822745
116.36788297082394,0.40773809523809523,18.522686159667753,0.015271869718649356,4.0,4.0,0.041666666666666664,0.1692267360742993,6.945534322749879
108.45940911564617,0.4017857142857143,21.27177876927204,0.01961004490408358,4.0,4.0,0.041666666666666664,0.16995510817654383,6.998334911263127
112.86245008112633,0.40773809523809523,44.19938370991567,0.03454934415963107,4.0,4.0,0.03571428571428571,0.1412459202803162,6.711066022607968
120.54835842987336,0.3898809523809524,26.98924317305162,0.021214159583045622,4.0,4.0,0.02976190476190476,0.16266879278132043,6.923765310081944
