error,episode_reward
missing_kpis,85.63555450039692
missing_kpis,81.81033686224491
missing_kpis,80.52533535492405
missing_kpis,83.38525930835885
missing_kpis,85.02871917561481
