carbon_emissions,unmet_hours,ramping,1-load_factor,daily_peak,all_time_peak,1-thermal_resilience,normalized_unserved_energy,episode_reward
114.15830792862452,0.4166666666666667,20.659808732073618,0.017922730480075866,4.0,4.0,0.02976190476190476,0.13775947015330925,6.893557516026794
116.1275085480635,0.40773809523809523,20.47649069780645,0.017022809591937582,4.0,4.0,0.041666666666666664,0.1692267360742993,6.927520353914895
108.58417642218492,0.4017857142857143,19.839933614775894,0.01820882534607393,4.0,4.0,0.041666666666666664,0.16995510817654383,7.011849966269455
112.68054657314735,0.40773809523809523,44.27330337971226,0.035458347811959,4.0,4.0,0.03571428571428571,0.1412459202803162,6.711488218323933
121.0035514524726,0.3898809523809524,23.206003048232347,0.01803058617269815,4.0,4.0,0.02976190476190476,0.16266879278132043,6.958737613181825
