error,episode_reward
missing_kpis,81.38281007605073
missing_kpis,86.48878936556018
missing_kpis,78.70581997024499
missing_kpis,85.01361309810585
missing_kpis,86.55255930025275
