carbon_emissions,unmet_hours,ramping,1-load_factor,daily_peak,all_time_peak,1-thermal_resilience,normalized_unserved_energy,episode_reward
114.48910888945085,0.4166666666666667,20.112510175997144,0.01620409369791964,4.0,4.0,0.02976190476190476,0.13775947015330925,6.896924995769638
116.14758380389017,0.40773809523809523,20.054960029622436,0.016709170701919795,4.0,4.0,0.041666666666666664,0.1692267360742993,6.9316083468543255
108.53774236968906,0.4017857142857143,19.977439450282752,0.018413308159667352,4.0,4.0,0.041666666666666664,0.16995510817654383,7.010773880745469
112.95443150197386,0.40773809523809523,43.32210824942786,0.0338027814498163,4.0,4.0,0.03571428571428571,0.1412459202803162,6.719251667755891
120.79082419576503,0.3898809523809524,25.21297044258854,0.01952386548397489,4.0,4.0,0.02976190476190476,0.16266879278132043,6.9400042367715
