carbon_emissions,unmet_hours,ramping,1-load_factor,daily_peak,all_time_peak,1-thermal_resilience,normalized_unserved_energy,episode_reward
1441.3560937910568,0.4166666666666667,3411.3448498358457,0.43887796966642934,88.24337041733322,96.68770735430653,0.03869047619047619,0.11781352154105605,0.0
1478.1054843730326,0.375,4189.062076057966,0.42306101023397613,87.58507397135153,92.24574311700299,0.050595238095238096,0.1370072782599696,0.03854817187565579
1473.3898176932507,0.46726190476190477,3933.4292638725965,0.4442344266938518,87.31272240323577,98.22161623992233,0.047619047619047616,0.1389835854492957,0.0
1437.8677587362286,0.3630952380952381,3724.753153637081,0.4317921099219746,86.25474060232212,89.65454750076681,0.026785714285714284,0.1308916662890251,0.06684169946887625
1594.9817499351125,0.39285714285714285,3953.36897540061,0.42780566283023647,89.85015214436415,94.64249766367743,0.017857142857142856,0.13857014672481424,0.0
