carbon_emissions,unmet_hours,ramping,1-load_factor,daily_peak,all_time_peak,1-thermal_resilience,normalized_unserved_energy,episode_reward
114.31622766793876,0.4166666666666667,21.45135339626387,0.017478778797210937,4.0,4.0,0.02976190476190476,0.13775947015330925,6.884636756665989
116.2920290089757,0.40773809523809523,19.049315207072205,0.015960923066093646,4.0,4.0,0.041666666666666664,0.1692267360742993,6.940748899681287
108.59805543791681,0.4017857142857143,18.805351301908992,0.01777490541943849,4.0,4.0,0.041666666666666664,0.16995510817654383,7.022106432597606
112.99926967941701,0.40773809523809523,41.51135830067403,0.03321946669484732,4.0,4.0,0.03571428571428571,0.1412459202803162,6.737073008188476
120.34482567632452,0.3898809523809524,28.39533989854353,0.02262902510698861,4.0,4.0,0.02976190476190476,0.16266879278132043,6.910984035600663
