episode,reward,normalized_reward,episode_length,phase
1,10.737946662106571,10.737946662106573,168,2kpi_eval
2,10.97926178659944,10.97926178659944,168,2kpi_eval
3,11.876345628224318,11.876345628224318,168,2kpi_eval
4,12.743318907094284,12.743318907094284,168,2kpi_eval
5,13.723905957549967,13.723905957549967,168,2kpi_eval
