carbon_emissions,unmet_hours,ramping,1-load_factor,daily_peak,all_time_peak,1-thermal_resilience,normalized_unserved_energy,episode_reward
1419.2511758524558,0.35714285714285715,4181.765683436946,0.4443961469666644,89.40799683836289,99.28798049420064,0.047619047619047616,0.1658890379210298,0.04636358135702419
1455.7634418218086,0.42857142857142855,3941.1557783630274,0.4104250219978006,86.5692136374716,95.16266545707313,0.02976190476190476,0.14658678598302177,0.006333604694216136
1520.2591716455806,0.3601190476190476,3739.5335145144004,0.4113945670308491,85.62690808584996,96.83909548181228,0.026785714285714284,0.1464677778592249,0.04896942273190391
1450.3245169009415,0.39285714285714285,3796.1650184222344,0.434469121438503,86.3931618966723,94.8249812994181,0.047619047619047616,0.15738846815169089,0.03302203695656626
1438.965506990949,0.38392857142857145,3480.6245154491753,0.44714770163587825,85.74271599869179,97.13629299973287,0.023809523809523808,0.1698400961592012,0.04547272378234442
