carbon_emissions,unmet_hours,ramping,1-load_factor,daily_peak,all_time_peak,1-thermal_resilience,normalized_unserved_energy,episode_reward
114.70071570424557,0.4166666666666667,17.69289921384109,0.014582800836855148,4.0,4.0,0.02976190476190476,0.13775947015330925,5.158212523596523
116.2042046900805,0.40773809523809523,19.26541177919922,0.01582449294746746,4.0,4.0,0.041666666666666664,0.1692267360742993,5.229281646960883
108.59569326636621,0.4017857142857143,19.281661597113583,0.017931130726323796,4.0,4.0,0.041666666666666664,0.16995510817654383,5.288161759173521
112.90320139753598,0.40773809523809523,43.13912809548519,0.034200202663551615,4.0,4.0,0.03571428571428571,0.1412459202803162,5.0085393944892695
120.77245074317031,0.3898809523809524,25.383214552334927,0.020387860414869174,4.0,4.0,0.02976190476190476,0.16266879278132043,5.341549567021361
